contestId,contestName,rank,oldRating,newRating,ratingDelta,Div. 1,Div. 2,Div. 3,Div. 4,unknown
1851,Codeforces Round 888 (Div. 3),9413,0,427,427,0,0,1,0,0
1849,Educational Codeforces Round 152 (Rated for Div. 2),10560,427,695,268,0,1,0,0,0
1855,Codeforces Round 889 (Div. 2),5517,695,956,261,0,1,0,0,0
1856,Codeforces Round 890 (Div. 2) supported by Constructor Institute,9812,956,1047,91,0,1,0,0,0
1857,Codeforces Round 891 (Div. 3),8948,1047,1129,82,0,0,1,0,0
1859,Codeforces Round 892 (Div. 2),10546,1129,1141,12,0,1,0,0,0
1858,Codeforces Round 893 (Div. 2),10032,1141,1125,-16,0,1,0,0,0
1862,Codeforces Round 894 (Div. 3),6932,1125,1142,17,0,0,1,0,0
1864,Harbour.Space Scholarship Contest 2023-2024 (Div. 1 + Div. 2),7405,1142,1140,-2,1,1,0,0,0
1879,Educational Codeforces Round 155 (Rated for Div. 2),11896,1140,1020,-120,0,1,0,0,0
1882,Codeforces Round 899 (Div. 2),8571,1020,1027,7,0,1,0,0,0
1886,Educational Codeforces Round 156 (Rated for Div. 2),5213,1027,1104,77,0,1,0,0,0
1891,Codeforces Round 907 (Div. 2),6797,1104,1096,-8,0,1,0,0,0
1903,Codeforces Round 912 (Div. 2),2774,1096,1162,66,0,1,0,0,0
1902,Educational Codeforces Round 159 (Rated for Div. 2),5576,1162,1158,-4,0,1,0,0,0
1907,Codeforces Round 913 (Div. 3),6382,1158,1153,-5,0,0,1,0,0
1913,Educational Codeforces Round 160 (Rated for Div. 2),4113,1153,1210,57,0,1,0,0,0
1919,Hello 2024,9790,1210,1200,-10,0,0,0,0,1
1920,Codeforces Round 919 (Div. 2),9124,1200,1176,-24,0,1,0,0,0
1921,Codeforces Round 920 (Div. 3),8367,1176,1173,-3,0,0,1,0,0
1922,Educational Codeforces Round 161 (Rated for Div. 2),3376,1173,1251,78,0,1,0,0,0
1925,Codeforces Round 921 (Div. 2),8040,1251,1207,-44,0,1,0,0,0
1927,Codeforces Round 923 (Div. 3),8642,1207,1202,-5,0,0,1,0,0
1928,Codeforces Round 924 (Div. 2),3462,1202,1256,54,0,1,0,0,0
1931,Codeforces Round 925 (Div. 3),3316,1256,1308,52,0,0,1,0,0
1929,Codeforces Round 926 (Div. 2),10212,1308,1247,-61,0,1,0,0,0
1926,Codeforces Round 928 (Div. 4),2349,1247,1301,54,0,0,0,1,0
1933,Codeforces Round 929 (Div. 3),5650,1301,1299,-2,0,0,1,0,0
1937,Codeforces Round 930 (Div. 2),2122,1299,1381,82,0,1,0,0,0
1934,Codeforces Round 931 (Div. 2),3289,1381,1408,27,0,1,0,0,0
1935,Codeforces Round 932 (Div. 2),4679,1408,1411,3,0,1,0,0,0
1941,Codeforces Round 933 (Div. 3),4421,1411,1398,-13,0,0,1,0,0
1948,Educational Codeforces Round 163 (Rated for Div. 2),5545,1398,1386,-12,0,1,0,0,0
1944,Codeforces Round 934 (Div. 2),3017,1386,1406,20,0,1,0,0,0
1946,Codeforces Round 936 (Div. 2),3633,1406,1420,14,0,1,0,0,0
1951,Codeforces Global Round 25,3919,1420,1431,11,0,0,0,0,1
1973,Codeforces Round 945 (Div. 2),5227,1431,1393,-38,0,1,0,0,0
1974,Codeforces Round 946 (Div. 3),867,1393,1476,83,0,0,1,0,0
1975,Codeforces Round 947 (Div. 1 + Div. 2),3033,1476,1493,17,1,1,0,0,0
1977,Codeforces Round 948 (Div. 2),1206,1493,1569,76,0,1,0,0,0
1976,Educational Codeforces Round 166 (Rated for Div. 2),3068,1569,1563,-6,0,1,0,0,0
1981,Codeforces Round 949 (Div. 2),2249,1563,1557,-6,0,1,0,0,0
1979,Codeforces Round 951 (Div. 2),6875,1557,1490,-67,0,1,0,0,0
1984,Codeforces Global Round 26,5466,1490,1436,-54,0,0,0,0,1
1986,Codeforces Round 954 (Div. 3),1460,1436,1488,52,0,0,1,0,0
1982,"Codeforces Round 955 (Div. 2, with prizes from NEAR!)",3164,1488,1494,6,0,1,0,0,0
1989,Educational Codeforces Round 167 (Rated for Div. 2),4592,1494,1470,-24,0,1,0,0,0
1987,EPIC Institute of Technology Round Summer 2024 (Div. 1 + Div. 2),5589,1470,1429,-41,1,1,0,0,0
1994,Codeforces Round 959 sponsored by NEAR (Div. 1 + Div. 2),3131,1429,1471,42,1,1,0,0,0
1990,Codeforces Round 960 (Div. 2),4611,1471,1449,-22,0,1,0,0,0
1996,Codeforces Round 962 (Div. 3),7265,1449,1395,-54,0,0,1,0,0
1991,Pinely Round 4 (Div. 1 + Div. 2),3722,1395,1429,34,1,1,0,0,0
1997,Educational Codeforces Round 168 (Rated for Div. 2),8869,1429,1379,-50,0,1,0,0,0
1993,Codeforces Round 963 (Div. 2),4529,1379,1398,19,0,1,0,0,0
1999,Codeforces Round 964 (Div. 4),744,1398,1483,85,0,0,0,1,0
1998,Codeforces Round 965 (Div. 2),3401,1483,1500,17,0,1,0,0,0
2004,Educational Codeforces Round 169 (Rated for Div. 2),3168,1500,1522,22,0,1,0,0,0
2001,Codeforces Round 967 (Div. 2),1425,1522,1592,70,0,1,0,0,0
2003,Codeforces Round 968 (Div. 2),4296,1592,1557,-35,0,1,0,0,0
2008,Codeforces Round 970 (Div. 3),1821,1557,1560,3,0,0,1,0,0
2013,Codeforces Round 973 (Div. 2),4004,1560,1530,-30,0,1,0,0,0
2014,Codeforces Round 974 (Div. 3),785,1530,1583,53,0,0,1,0,0
2019,Codeforces Round 975 (Div. 2),4890,1583,1519,-64,0,1,0,0,0
2020,Codeforces Round 976 (Div. 2) and Divide By Zero 9.0,3262,1519,1517,-2,0,1,0,0,0
2030,Codeforces Round 979 (Div. 2),5488,1517,1466,-51,0,1,0,0,0
2033,Codeforces Round 981 (Div. 3),4556,1466,1432,-34,0,0,1,0,0
2027,Codeforces Round 982 (Div. 2),2666,1432,1451,19,0,1,0,0,0
2035,Codeforces Global Round 27,2687,1451,1488,37,0,0,0,0,1
2032,Codeforces Round 983 (Div. 2),1785,1488,1542,54,0,1,0,0,0
2036,Codeforces Round 984 (Div. 3),529,1542,1604,62,0,0,1,0,0
2028,Codeforces Round 986 (Div. 2),4583,1604,1507,-97,0,1,0,0,0
2042,Educational Codeforces Round 172 (Rated for Div. 2),3875,1507,1468,-39,0,1,0,0,0
2047,Codeforces Round 990 (Div. 2),2932,1468,1412,-56,0,1,0,0,0
2057,Hello 2025,5088,1412,1412,0,0,0,0,0,1
2055,Codeforces Round 996 (Div. 2),4107,1412,1432,20,0,1,0,0,0
2060,Codeforces Round 998 (Div. 3),1932,1432,1467,35,0,0,1,0,0
2062,"Ethflow Round 1 (Codeforces Round 1001, Div. 1 + Div. 2)",7472,1467,1414,-53,1,1,0,0,0
2059,Codeforces Round 1002 (Div. 2),809,1414,1557,143,0,1,0,0,0
2078,Codeforces Round 1008 (Div. 2),3153,1557,1539,-18,0,1,0,0,0
2074,Codeforces Round 1009 (Div. 3),1295,1539,1563,24,0,0,1,0,0
2075,Educational Codeforces Round 176 (Rated for Div. 2),1008,1563,1643,80,0,1,0,0,0
2084,"Teza Round 1 (Codeforces Round 1015, Div. 1 + Div. 2)",2530,1643,1642,-1,1,1,0,0,0
1955,Codeforces Round 938 (Div. 3),6280,0,474,474,0,0,1,0,0
1954,Educational Codeforces Round 164 (Rated for Div. 2),6381,474,796,322,0,1,0,0,0
1956,Codeforces Round 939 (Div. 2),2541,796,1102,306,0,1,0,0,0
1971,Codeforces Round 944 (Div. 4),1259,1102,1289,187,0,0,0,1,0
1985,Codeforces Round 952 (Div. 4),470,1289,1496,207,0,0,0,1,0
1992,Codeforces Round 957 (Div. 3),2520,1496,1537,41,0,0,1,0,0
1988,Codeforces Round 958 (Div. 2),1069,1537,1620,83,0,1,0,0,0
2,Codeforces Beta Round 2,14,0,1602,1602,0,0,0,0,1
8,Codeforces Beta Round 8,5,1602,1764,162,0,0,0,0,1
10,Codeforces Beta Round 10,18,1764,1878,114,0,0,0,0,1
13,Codeforces Beta Round 13,11,1878,1967,89,0,0,0,0,1
19,Codeforces Beta Round 19,2,1967,2063,96,0,0,0,0,1
23,Codeforces Beta Round 23,15,2063,2081,18,0,0,0,0,1
24,Codeforces Beta Round 24,20,2081,2098,17,0,0,0,0,1
28,Codeforces Beta Round 28 (Codeforces format),11,2098,2128,30,0,0,0,0,1
33,Codeforces Beta Round 33 (Codeforces format),1,2128,2203,75,0,0,0,0,1
37,Codeforces Beta Round 37,3,2203,2256,53,0,0,0,0,1
38,School Personal Contest #1 (Winter Computer School 2010/11) - Codeforces Beta Round 38 (ACM-ICPC Rules),1,2256,2270,14,0,0,0,0,1
40,Codeforces Beta Round 39,1,2270,2311,41,0,0,0,0,1
42,Codeforces Beta Round 41,1,2311,2341,30,0,0,0,0,1
46,School Personal Contest #2 (Winter Computer School 2010/11) - Codeforces Beta Round 43 (ACM-ICPC Rules),2,2341,2351,10,0,0,0,0,1
51,Codeforces Beta Round 48,1,2351,2388,37,0,0,0,0,1
57,Codeforces Beta Round 53,1,2388,2419,31,0,0,0,0,1
60,Codeforces Beta Round 56,1,2419,2438,19,0,0,0,0,1
62,Codeforces Beta Round 58,1,2438,2455,17,0,0,0,0,1
67,Manthan 2011,1,2455,2491,36,0,0,0,0,1
73,Codeforces Beta Round 66,3,2491,2494,3,0,0,0,0,1
74,Codeforces Beta Round 68,1,2494,2517,23,0,0,0,0,1
77,Codeforces Beta Round 69 (Div. 1 Only),11,2517,2501,-16,1,0,0,0,0
82,Yandex.Algorithm 2011: Qualification 2,1,2501,2514,13,0,0,0,0,1
83,Codeforces Beta Round 72 (Div. 1 Only),1,2514,2547,33,1,0,0,0,0
85,Yandex.Algorithm 2011: Round 1,1,2547,2586,39,0,0,0,0,1
86,Yandex.Algorithm 2011: Round 2,2,2586,2624,38,0,0,0,0,1
87,Codeforces Beta Round 73 (Div. 1 Only),4,2624,2632,8,1,0,0,0,0
89,Codeforces Beta Round 74 (Div. 1 Only),2,2632,2646,14,1,0,0,0,0
97,Yandex.Algorithm 2011: Finals,7,2646,2610,-36,0,0,0,0,1
101,Codeforces Beta Round 79 (Div. 1 Only),4,2610,2609,-1,1,0,0,0,0
105,Codeforces Beta Round 81,5,2609,2604,-5,0,0,0,0,1
107,Codeforces Beta Round 83 (Div. 1 Only),2,2604,2613,9,1,0,0,0,0
109,Codeforces Beta Round 84 (Div. 1 Only),7,2613,2601,-12,1,0,0,0,0
111,Codeforces Beta Round 85 (Div. 1 Only),22,2601,2549,-52,1,0,0,0,0
113,Codeforces Beta Round 86 (Div. 1 Only),4,2549,2560,11,1,0,0,0,0
115,Codeforces Beta Round 87 (Div. 1 Only),1,2560,2595,35,1,0,0,0,0
117,Codeforces Beta Round 88,3,2595,2612,17,0,0,0,0,1
120,"School Regional Team Contest, Saratov, 2011",1,2612,2635,23,0,0,0,0,1
121,Codeforces Beta Round 91 (Div. 1 Only),1,2635,2661,26,1,0,0,0,0
123,Codeforces Beta Round 92 (Div. 1 Only),1,2661,2683,22,1,0,0,0,0
126,Codeforces Beta Round 93 (Div. 1 Only),2,2683,2693,10,1,0,0,0,0
128,Codeforces Beta Round 94 (Div. 1 Only),5,2693,2670,-23,1,0,0,0,0
140,Codeforces Round 100,3,2670,2704,34,0,0,0,0,1
142,Codeforces Round 102 (Div. 1),1,2704,2762,58,1,0,0,0,0
145,Codeforces Round 104 (Div. 1),1,2762,2809,47,1,0,0,0,0
150,Codeforces Round 107 (Div. 1),10,2809,2783,-26,1,0,0,0,0
154,Codeforces Round 109 (Div. 1),1,2783,2831,48,1,0,0,0,0
156,Codeforces Round 110 (Div. 1),1,2831,2877,46,1,0,0,0,0
161,VK Cup 2012 Round 1,3,2877,2883,6,0,0,0,0,1
163,VK Cup 2012 Round 2,1,2883,2907,24,0,0,0,0,1
167,Codeforces Round 114 (Div. 1),2,2907,2906,-1,1,0,0,0,0
173,Croc Champ 2012 - Round 1,1,2906,2919,13,0,0,0,0,1
164,VK Cup 2012 Round 3,8,2919,2877,-42,0,0,0,0,1
175,Codeforces Round 115,1,2877,2887,10,0,0,0,0,1
193,Codeforces Round 122 (Div. 1),2,2887,2902,15,1,0,0,0,0
196,Codeforces Round 124 (Div. 1),1,2902,2938,36,1,0,0,0,0
198,Codeforces Round 125 (Div. 1),2,2938,2964,26,1,0,0,0,0
204,Codeforces Round 129 (Div. 1),1,2964,3022,58,1,0,0,0,0
211,VK Cup 2012 Finals,3,3022,3010,-12,0,0,0,0,1
213,Codeforces Round 131 (Div. 1),3,3010,2998,-12,1,0,0,0,0
217,Codeforces Round 134 (Div. 1),4,2998,2973,-25,1,0,0,0,0
223,Codeforces Round 138 (Div. 1),2,2973,2991,18,1,0,0,0,0
232,Codeforces Round 144 (Div. 1),1,2991,3042,51,1,0,0,0,0
240,"Codeforces Round 145 (Div. 1, ACM-ICPC Rules)",3,3042,3022,-20,1,0,0,0,0
235,Codeforces Round 146 (Div. 1),6,3022,2977,-45,1,0,0,0,0
241,"Bayan 2012-2013 Elimination Round (ACM ICPC Rules, English statements)",1,2977,3034,57,0,0,0,0,1
238,Codeforces Round 148 (Div. 1),1,3034,3082,48,1,0,0,0,0
243,Codeforces Round 150 (Div. 1),11,3082,3016,-66,1,0,0,0,0
251,Codeforces Round 153 (Div. 1),2,3016,3030,14,1,0,0,0,0
269,Codeforces Round 165 (Div. 1),3,3030,3026,-4,1,0,0,0,0
273,Codeforces Round 167 (Div. 1),2,3026,3039,13,1,0,0,0,0
280,Codeforces Round 172 (Div. 1),7,3039,2990,-49,1,0,0,0,0
292,Croc Champ 2013 - Round 1,1,2990,3051,61,0,0,0,0,1
297,Codeforces Round 180 (Div. 1),1,3051,3103,52,1,0,0,0,0
293,Croc Champ 2013 - Round 2,1,3103,3157,54,0,0,0,0,1
308,Croc Champ 2013 - Finals,1,3157,3188,31,0,0,0,0,1
316,ABBYY Cup 3.0,2,3188,3195,7,0,0,0,0,1
317,Codeforces Round 188 (Div. 1),24,3195,3088,-107,1,0,0,0,0
331,ABBYY Cup 3.0 - Finals (online version),1,3088,3136,48,0,0,0,0,1
329,Codeforces Round 192 (Div. 1),9,3136,3072,-64,1,0,0,0,0
335,MemSQL start[c]up Round 2 - online version,1,3072,3121,49,0,0,0,0,1
338,Codeforces Round 196 (Div. 1),1,3121,3165,44,1,0,0,0,0
343,Codeforces Round 200 (Div. 1),1,3165,3210,45,1,0,0,0,0
356,Codeforces Round 207 (Div. 1),1,3210,3250,40,1,0,0,0,0
367,Codeforces Round 215 (Div. 1),4,3250,3205,-45,1,0,0,0,0
372,Codeforces Round 219 (Div. 1),2,3205,3209,4,1,0,0,0,0
377,Codeforces Round 222 (Div. 1),2,3209,3209,0,1,0,0,0,0
379,Good Bye 2013,19,3209,3093,-116,0,0,0,0,1
388,Codeforces Round 228 (Div. 1),1,3093,3141,48,1,0,0,0,0
407,Codeforces Round 239 (Div. 1),1,3141,3186,45,1,0,0,0,0
418,RCC 2014 Warmup (Div. 1),1,3186,3228,42,1,0,0,0,0
436,Zepto Code Rush 2014,3,3228,3206,-22,0,0,0,0,1
442,Codeforces Round 253 (Div. 1),1,3206,3245,39,1,0,0,0,0
452,MemSQL Start[c]UP 2.0 - Round 1,8,3245,3173,-72,0,0,0,0,1
455,Codeforces Round 260 (Div. 1),1,3173,3213,40,1,0,0,0,0
458,MemSQL Start[c]UP 2.0 - Round 2 - Online Round,1,3213,3260,47,0,0,0,0,1
464,Codeforces Round 265 (Div. 1),1,3260,3299,39,1,0,0,0,0
472,Codeforces Round 270,21,3299,3164,-135,0,0,0,0,1
482,Codeforces Round 275 (Div. 1),1,3164,3203,39,1,0,0,0,0
494,Codeforces Round 282 (Div. 1),1,3203,3240,37,1,0,0,0,0
500,Good Bye 2014,1,3240,3254,14,0,0,0,0,1
512,Codeforces Round 290 (Div. 1),5,3254,3201,-53,1,0,0,0,0
513,Rockethon 2015,1,3201,3239,38,0,0,0,0,1
524,VK Cup 2015 - Round 1,4,3239,3223,-16,0,0,0,0,1
526,ZeptoLab Code Rush 2015,1,3223,3274,51,0,0,0,0,1
532,VK Cup 2015 - Round 2,1,3274,3341,67,0,0,0,0,1
541,VK Cup 2015 - Раунд 3,1,3341,3407,66,0,0,0,0,1
549,Looksery Cup 2015,1,3407,3445,38,0,0,0,0,1
562,VK Cup 2015 - Finals,1,3445,3503,58,0,0,0,0,1
573,Codeforces Round 318 [RussianCodeCup Thanks-Round] (Div. 1),166,3503,3374,-129,1,0,0,0,0
607,Codeforces Round 336 (Div. 1),2,3374,3374,0,1,0,0,0,0
611,Good Bye 2015,1,3374,3444,70,0,0,0,0,1
626,8VC Venture Cup 2016 - Elimination Round,6,3444,3373,-71,0,0,0,0,1
633,"Manthan, Codefest 16",1,3373,3444,71,0,0,0,0,1
627,8VC Venture Cup 2016 - Final Round,1,3444,3518,74,0,0,0,0,1
650,Codeforces Round 345 (Div. 1),1,3518,3582,64,1,0,0,0,0
645,CROC 2016 - Elimination Round,2,3582,3534,-48,0,0,0,0,1
639,VK Cup 2016 - Round 1,1,3534,3588,54,0,0,0,0,1
662,"CROC 2016 - Final Round [Private, For Onsite Finalists Only]",1,3588,3640,52,0,0,0,0,1
641,VK Cup 2016 - Round 2,4,3640,3501,-139,0,0,0,0,1
643,VK Cup 2016 - Round 3,1,3501,3554,53,0,0,0,0,1
687,Codeforces Round 360 (Div. 1),2,3554,3525,-29,1,0,0,0,0
695,VK Cup 2016 - Finals,1,3525,3580,55,0,0,0,0,1
744,Codeforces Round 385 (Div. 1),1,3580,3638,58,1,0,0,0,0
750,Good Bye 2016,2,3638,3615,-23,0,0,0,0,1
757,"Codecraft-17 and Codeforces Round 391 (Div. 1 + Div. 2, combined)",1,3615,3670,55,1,1,0,0,0
755,8VC Venture Cup 2017 - Elimination Round,1,3670,3739,69,0,0,0,0,1
756,8VC Venture Cup 2017 - Final Round,7,3739,3544,-195,0,0,0,0,1
776,"ICM Technex 2017 and Codeforces Round 400 (Div. 1 + Div. 2, combined)",2,3544,3534,-10,1,1,0,0,0
799,"Playrix Codescapes Cup (Codeforces Round 413, rated, Div. 1 + Div. 2)",1,3534,3602,68,1,1,0,0,0
843,AIM Tech Round 4 (Div. 1),7,3602,3488,-114,1,0,0,0,0
859,MemSQL Start[c]UP 3.0 - Round 1,4,3488,3438,-50,0,0,0,0,1
855,"Manthan, Codefest 17",3,3438,3411,-27,0,0,0,0,1
866,MemSQL Start[c]UP 3.0 - Round 2 and Codeforces Round 437 (Div. 1),1,3411,3496,85,1,0,0,0,0
947,"Codeforces Round 470 (rated, Div. 1, based on VK Cup 2018 Round 1)",140,3496,3206,-290,1,0,0,0,0
966,"Codeforces Round 477 (rated, Div. 1, based on VK Cup 2018 Round 3)",3,3206,3235,29,1,0,0,0,0
981,Avito Code Challenge 2018,1,3235,3341,106,0,0,0,0,1
986,Codeforces Round 485 (Div. 1),1,3341,3434,93,1,0,0,0,0
1037,"Manthan, Codefest 18 (rated, Div. 1 + Div. 2)",1,3434,3509,75,1,1,0,0,0
1033,Lyft Level 5 Challenge 2018 - Elimination Round,1,3509,3581,72,0,0,0,0,1
1043,Codeforces Round 519 by Botan Investments,126,3581,3312,-269,0,0,0,0,1
1044,Lyft Level 5 Challenge 2018 - Final Round,1,3312,3401,89,0,0,0,0,1
1055,Mail.Ru Cup 2018 Round 2,5,3401,3372,-29,0,0,0,0,1
1081,Avito Cool Challenge 2018,1,3372,3469,97,0,0,0,0,1
1091,Good Bye 2018,1,3469,3559,90,0,0,0,0,1
1097,Hello 2019,3,3559,3539,-20,0,0,0,0,1
1110,Codeforces Global Round 1,1,3539,3624,85,0,0,0,0,1
1119,Codeforces Global Round 2,2,3624,3628,4,0,0,0,0,1
1146,Forethought Future Cup - Elimination Round,1,3628,3698,70,0,0,0,0,1
1148,Codeforces Global Round 3,2,3698,3686,-12,0,0,0,0,1
1198,Codeforces Round 576 (Div. 1),2,3686,3645,-41,1,0,0,0,0
1208,"Manthan, Codefest 19 (open for everyone, rated, Div. 1 + Div. 2)",1,3645,3711,66,1,1,0,0,0
1209,"Codeforces Round 584 - Dasha Code Championship - Elimination Round (rated, open for everyone, Div. 1 + Div. 2)",11,3711,3557,-154,1,1,0,0,0
1246,"Codeforces Round 596 (Div. 1, based on Technocup 2020 Elimination Round 2)",3,3557,3532,-25,1,0,0,0,0
1261,"Codeforces Round 602 (Div. 1, based on Technocup 2020 Elimination Round 3)",2,3532,3544,12,1,0,0,0,0
1264,Codeforces Round 604 (Div. 1),2,3544,3556,12,1,0,0,0,0
1266,Codeforces Global Round 6,3,3556,3539,-17,0,0,0,0,1
1268,Codeforces Round 609 (Div. 1),1,3539,3615,76,1,0,0,0,0
1270,Good Bye 2019,50,3615,3418,-197,0,0,0,0,1
1284,Hello 2020,4,3418,3430,12,0,0,0,0,1
1292,Codeforces Round 614 (Div. 1),2,3430,3461,31,1,0,0,0,0
1290,Codeforces Round 616 (Div. 1),1,3461,3549,88,1,0,0,0,0
1307,Codeforces Round 621 (Div. 1 + Div. 2),26,3549,3404,-145,1,1,0,0,0
1310,VK Cup 2019-2020 - Elimination Round (Engine),1,3404,3496,92,0,0,0,0,1
1305,"Ozon Tech Challenge 2020 (Div.1 + Div.2, Rated, T-shirts + prizes!)",1,3496,3585,89,0,0,0,0,1
1326,Codeforces Global Round 7,1,3585,3669,84,0,0,0,0,1
1329,"Codeforces Round 631 (Div. 1) - Thanks, Denis aramis Shitov!",2,3669,3673,4,1,0,0,0,0
1338,Codeforces Round 633 (Div. 1),1,3673,3733,60,1,0,0,0,0
1336,Codeforces Round 635 (Div. 1),29,3733,3541,-192,1,0,0,0,0
1349,Codeforces Round 641 (Div. 1),26,3541,3409,-132,1,0,0,0,0
1361,"Codeforces Round 647 (Div. 1) - Thanks, Algo Muse!",1,3409,3520,111,1,0,0,0,0
1368,Codeforces Global Round 8,2,3520,3567,47,0,0,0,0,1
1375,Codeforces Global Round 9,1,3567,3669,102,0,0,0,0,1
1383,Codeforces Round 659 (Div. 1),1,3669,3735,66,1,0,0,0,0
1394,Codeforces Round 664 (Div. 1),41,3735,3515,-220,1,0,0,0,0
1392,Codeforces Global Round 10,4,3515,3506,-9,0,0,0,0,1
1396,Codeforces Round 666 (Div. 1),1,3506,3613,107,1,0,0,0,0
1404,Codeforces Round 668 (Div. 1),36,3613,3438,-175,1,0,0,0,0
1416,Codeforces Round 673 (Div. 1),1,3438,3533,95,1,0,0,0,0
1408,Grakn Forces 2020,1,3533,3629,96,0,0,0,0,1
1427,Codeforces Global Round 11,22,3629,3509,-120,0,0,0,0,1
1434,"Codeforces Round 679 (Div. 1, based on Technocup 2021 Elimination Round 1)",1,3509,3619,110,1,0,0,0,0
1441,VK Cup 2019-2020 - Final Round (Engine),1,3619,3687,68,0,0,0,0,1
1450,Codeforces Global Round 12,2,3687,3712,25,0,0,0,0,1
1458,Codeforces Round 691 (Div. 1),1,3712,3783,71,1,0,0,0,0
1464,"Codeforces Round 692 (Div. 1, based on Technocup 2021 Elimination Round 3)",20,3783,3601,-182,1,0,0,0,0
1466,Good Bye 2020,1,3601,3702,101,0,0,0,0,1
1470,Codeforces Round 694 (Div. 1),1,3702,3778,76,1,0,0,0,0
1477,Codeforces Round 698 (Div. 1),3,3778,3748,-30,1,0,0,0,0
1491,Codeforces Global Round 13,35,3748,3565,-183,0,0,0,0,1
1495,Codeforces Round 706 (Div. 1),3,3565,3572,7,1,0,0,0,0
1500,"Codeforces Round 707 (Div. 1, based on Moscow Open Olympiad in Informatics)",1,3572,3668,96,1,0,0,0,0
1503,Codeforces Round 712 (Div. 1),2,3668,3697,29,1,0,0,0,0
1508,Codeforces Round 715 (Div. 1),3,3697,3682,-15,1,0,0,0,0
1517,Contest 2050 and Codeforces Round 718 (Div. 1 + Div. 2),8,3682,3617,-65,1,1,0,0,0
1515,Codeforces Global Round 14,6,3617,3579,-38,0,0,0,0,1
1528,Codeforces Round 722 (Div. 1),8,3579,3538,-41,1,0,0,0,0
1523,"Deltix Round, Spring 2021 (open for everyone, rated, Div. 1 + Div. 2)",1,3538,3669,131,1,1,0,0,0
1534,Codeforces LATOKEN Round 1 (Div. 1 + Div. 2),2,3669,3723,54,1,1,0,0,0
1540,Codeforces Round 728 (Div. 1),2,3723,3748,25,1,0,0,0,0
1553,"Harbour.Space Scholarship Contest 2021-2022 (open for everyone, rated, Div. 1 + Div. 2)",3,3748,3729,-19,1,1,0,0,0
1552,Codeforces Global Round 15,1,3729,3822,93,0,0,0,0,1
1548,Codeforces Round 736 (Div. 1),2,3822,3819,-3,1,0,0,0,0
1556,"Deltix Round, Summer 2021 (open for everyone, rated, Div. 1 + Div. 2)",22,3819,3656,-163,1,1,0,0,0
1566,Codeforces Global Round 16,2,3656,3707,51,0,0,0,0,1
1603,Codeforces Round 752 (Div. 1),1,3707,3804,97,1,0,0,0,0
1610,Codeforces Global Round 17,2,3804,3797,-7,0,0,0,0,1
1609,"Deltix Round, Autumn 2021 (open for everyone, rated, Div. 1 + Div. 2)",1,3797,3870,73,1,1,0,0,0
1615,Codeforces Global Round 18,8,3870,3756,-114,0,0,0,0,1
1616,Good Bye 2021: 2022 is NEAR,1,3756,3836,80,0,0,0,0,1
1621,Hello 2022,1,3836,3911,75,0,0,0,0,1
1628,Codeforces Round 767 (Div. 1),1,3911,3979,68,1,0,0,0,0
1630,Codeforces Round 768 (Div. 1),9,3979,3809,-170,1,0,0,0,0
1637,Codeforces Global Round 19,1,3809,3879,70,0,0,0,0,1
1641,Codeforces Round 773 (Div. 1),1,3879,3946,67,1,0,0,0,0
1656,"CodeTON Round 1 (Div. 1 + Div. 2, Rated, Prizes!)",8,3946,3796,-150,1,1,0,0,0
1667,Codeforces Round 783 (Div. 1),2,3796,3801,5,1,0,0,0,0
1672,Codeforces Global Round 20,2,3801,3814,13,0,0,0,0,1
1677,Codeforces Round 789 (Div. 1),2,3814,3805,-9,1,0,0,0,0
1684,Codeforces Round 792 (Div. 1 + Div. 2),1,3805,3882,77,1,1,0,0,0
1685,Codeforces Round 794 (Div. 1),6,3882,3764,-118,1,0,0,0,0
1687,Codeforces Round 796 (Div. 1),4,3764,3732,-32,1,0,0,0,0
1693,Codeforces Round 800 (Div. 1),3,3732,3727,-5,1,0,0,0,0
1696,Codeforces Global Round 21,7,3727,3671,-56,0,0,0,0,1
1707,Codeforces Round 808 (Div. 1),3,3671,3678,7,1,0,0,0,0
1704,"CodeTON Round 2 (Div. 1 + Div. 2, Rated, Prizes!)",1,3678,3771,93,1,1,0,0,0
1718,Codeforces Round 814 (Div. 1),1,3771,3851,80,1,0,0,0,0
1738,Codeforces Global Round 22,6,3851,3757,-94,0,0,0,0,1
1737,Dytechlab Cup 2022,1,3757,3834,77,0,0,0,0,1
1746,Codeforces Global Round 23,1,3834,3912,78,0,0,0,0,1
1750,"CodeTON Round 3 (Div. 1 + Div. 2, Rated, Prizes!)",10,3912,3735,-177,1,1,0,0,0
1761,Pinely Round 1 (Div. 1 + Div. 2),1,3735,3817,82,1,1,0,0,0
1774,"Polynomial Round 2022 (Div. 1 + Div. 2, Rated, Prizes!)",3,3817,3764,-53,1,1,0,0,0
1770,Good Bye 2022: 2023 is NEAR,5,3764,3731,-33,0,0,0,0,1
1779,Hello 2023,2,3731,3768,37,0,0,0,0,1
1787,"TypeDB Forces 2023 (Div. 1 + Div. 2, Rated, Prizes!)",2,3768,3803,35,1,1,0,0,0
1801,Codeforces Round 857 (Div. 1),17,3803,3658,-145,1,0,0,0,0
1804,Nebius Welcome Round (Div. 1 + Div. 2),2,3658,3706,48,1,1,0,0,0
1810,"CodeTON Round 4 (Div. 1 + Div. 2, Rated, Prizes!)",73,3706,3486,-220,1,1,0,0,0
1815,Codeforces Round 865 (Div. 1),1,3486,3635,149,1,0,0,0,0
1819,Codeforces Round 866 (Div. 1),5,3635,3588,-47,1,0,0,0,0
1817,Codeforces Round 869 (Div. 1),2,3588,3662,74,1,0,0,0,0
1827,Codeforces Round 873 (Div. 1),6,3662,3622,-40,1,0,0,0,0
1830,Codeforces Round 875 (Div. 1),4,3622,3611,-11,1,0,0,0,0
1835,Codeforces Round 880 (Div. 1),2,3611,3664,53,1,0,0,0,0
1842,"CodeTON Round 5 (Div. 1 + Div. 2, Rated, Prizes!)",1,3664,3755,91,1,1,0,0,0
1844,Codeforces Round 884 (Div. 1 + Div. 2),2,3755,3767,12,1,1,0,0,0
1852,Codeforces Round 887 (Div. 1),4,3767,3726,-41,1,0,0,0,0
1854,Codeforces Round 889 (Div. 1),3,3726,3727,1,1,0,0,0,0
1863,Pinely Round 2 (Div. 1 + Div. 2),1,3727,3817,90,1,1,0,0,0
1870,"CodeTON Round 6 (Div. 1 + Div. 2, Rated, Prizes!)",6,3817,3751,-66,1,1,0,0,0
1874,Codeforces Round 901 (Div. 1),2,3751,3775,24,1,0,0,0,0
1889,Codeforces Round 906 (Div. 1),46,3775,3557,-218,1,0,0,0,0
1893,Codeforces Round 908 (Div. 1),4,3557,3584,27,1,0,0,0,0
1896,"CodeTON Round 7 (Div. 1 + Div. 2, Rated, Prizes!)",18,3584,3485,-99,1,1,0,0,0
1909,Pinely Round 3 (Div. 1 + Div. 2),33,3485,3375,-110,1,1,0,0,0
1916,Good Bye 2023,22,3375,3330,-45,0,0,0,0,1
1919,Hello 2024,7,3330,3375,45,0,0,0,0,1
1930,think-cell Round 1,7,3375,3395,20,0,0,0,0,1
1936,Codeforces Round 930 (Div. 1),4,3395,3434,39,1,0,0,0,0
1943,Codeforces Round 934 (Div. 1),1,3434,3572,138,1,0,0,0,0
1942,"CodeTON Round 8 (Div. 1 + Div. 2, Rated, Prizes!)",6,3572,3565,-7,1,1,0,0,0
1967,Codeforces Round 942 (Div. 1),1,3565,3690,125,1,0,0,0,0
1975,Codeforces Round 947 (Div. 1 + Div. 2),1,3690,3757,67,1,1,0,0,0
1984,Codeforces Global Round 26,1,3757,3845,88,0,0,0,0,1
1987,EPIC Institute of Technology Round Summer 2024 (Div. 1 + Div. 2),3,3845,3803,-42,1,1,0,0,0
1994,Codeforces Round 959 sponsored by NEAR (Div. 1 + Div. 2),1,3803,3880,77,1,1,0,0,0
1991,Pinely Round 4 (Div. 1 + Div. 2),1,3880,3947,67,1,1,0,0,0
2006,Codeforces Round 969 (Div. 1),1,3947,4009,62,1,0,0,0,0
2039,"CodeTON Round 9 (Div. 1 + Div. 2, Rated, Prizes!)",2,4009,3993,-16,1,1,0,0,0
2034,"Rayan Programming Contest 2024 - Selection (Codeforces Round 989, Div. 1 + Div. 2)",2,3993,3985,-8,1,1,0,0,0
2057,Hello 2025,13,3985,3815,-170,0,0,0,0,1
2061,"IAEPC Preliminary Contest (Codeforces Round 999, Div. 1 + Div. 2)",2,3815,3841,26,1,1,0,0,0
2062,"Ethflow Round 1 (Codeforces Round 1001, Div. 1 + Div. 2)",3,3841,3840,-1,1,1,0,0,0
2066,Codeforces Round 1004 (Div. 1),2,3840,3857,17,1,0,0,0,0
2077,Codeforces Round 1008 (Div. 1),4,3857,3798,-59,1,0,0,0,0
2089,Codeforces Round 1012 (Div. 1),1,3798,3892,94,1,0,0,0,0
2084,"Teza Round 1 (Codeforces Round 1015, Div. 1 + Div. 2)",8,3892,3796,-96,1,1,0,0,0
2096,"Neowise Labs Contest 1 (Codeforces Round 1018, Div. 1 + Div. 2)",5,3796,3761,-35,1,1,0,0,0
2097,Codeforces Round 1021 (Div. 1),1,3761,3850,89,1,0,0,0,0
2101,Codeforces Round 1024 (Div. 1),2,3850,3843,-7,1,0,0,0,0
2115,Codeforces Round 1028 (Div. 1),6,3843,3777,-66,1,0,0,0,0
2124,"EPIC Institute of Technology Round Summer 2025 (Codeforces Round 1036, Div. 1 + Div. 2)",4,3777,3723,-54,1,1,0,0,0
2122,"Order Capital Round 1 (Codeforces Round 1038, Div. 1 + Div. 2)",1,3723,3820,97,1,1,0,0,0
2127,"Atto Round 1 (Codeforces Round 1041, Div. 1 + Div. 2)",4,3820,3791,-29,1,1,0,0,0
2135,Codeforces Round 1046 (Div. 1),20,3791,3619,-172,1,0,0,0,0
2152,"Squarepoint Challenge (Codeforces Round 1055, Div. 1 + Div. 2)",6,3619,3616,-3,1,1,0,0,0
2159,Codeforces Round 1058 (Div. 1),4,3616,3629,13,1,0,0,0,0
2161,Pinely Round 5 (Div. 1 + Div. 2),1,3629,3747,118,1,1,0,0,0
2164,Codeforces Global Round 30 (Div. 1 + Div. 2),11,3747,3652,-95,1,1,0,0,0
1105,Codeforces Round 533 (Div. 2),190,0,1683,1683,0,1,0,0,0
1138,Codeforces Round 545 (Div. 2),370,1683,1721,38,0,1,0,0,0
1155,Educational Codeforces Round 63 (Rated for Div. 2),510,1721,1762,41,0,1,0,0,0
1150,Codeforces Round 556 (Div. 2),1,1762,2085,323,0,1,0,0,0
1158,Codeforces Round 559 (Div. 1),240,2085,2076,-9,1,0,0,0,0
1167,Educational Codeforces Round 65 (Rated for Div. 2),177,2076,2083,7,0,1,0,0,0
1172,Codeforces Round 564 (Div. 1),170,2083,2141,58,1,0,0,0,0
1179,Codeforces Round 569 (Div. 1),75,2141,2243,102,1,0,0,0,0
1188,Codeforces Round 572 (Div. 1),37,2243,2379,136,1,0,0,0,0
1190,Codeforces Round 573 (Div. 1),93,2379,2409,30,1,0,0,0,0
1198,Codeforces Round 576 (Div. 1),208,2409,2371,-38,1,0,0,0,0
1205,Codeforces Round 580 (Div. 1),39,2371,2472,101,1,0,0,0,0
1208,"Manthan, Codefest 19 (open for everyone, rated, Div. 1 + Div. 2)",32,2472,2568,96,1,1,0,0,0
1214,"Codeforces Round 583 (Div. 1 + Div. 2, based on Olympiad of Metropolises)",70,2568,2571,3,1,1,0,0,0
1209,"Codeforces Round 584 - Dasha Code Championship - Elimination Round (rated, open for everyone, Div. 1 + Div. 2)",108,2571,2572,1,1,1,0,0,0
1220,Codeforces Round 586 (Div. 1 + Div. 2),518,2572,2446,-126,1,1,0,0,0
1229,Codeforces Round 588 (Div. 1),131,2446,2444,-2,1,0,0,0,0
1237,Codeforces Global Round 5,37,2444,2566,122,0,0,0,0,1
1239,Codeforces Round 594 (Div. 1),285,2566,2461,-105,1,0,0,0,0
1246,"Codeforces Round 596 (Div. 1, based on Technocup 2020 Elimination Round 2)",72,2461,2488,27,1,0,0,0,0
1242,Codeforces Round 599 (Div. 1),43,2488,2572,84,1,0,0,0,0
1254,Codeforces Round 601 (Div. 1),34,2572,2636,64,1,0,0,0,0
1261,"Codeforces Round 602 (Div. 1, based on Technocup 2020 Elimination Round 3)",16,2636,2724,88,1,0,0,0,0
1264,Codeforces Round 604 (Div. 1),10,2724,2828,104,1,0,0,0,0
1276,"Codeforces Round 606 (Div. 1, based on Technocup 2020 Elimination Round 4)",26,2828,2839,11,1,0,0,0,0
1280,Codeforces Round 607 (Div. 1),17,2839,2846,7,1,0,0,0,0
1266,Codeforces Global Round 6,43,2846,2846,0,0,0,0,0,1
1268,Codeforces Round 609 (Div. 1),38,2846,2827,-19,1,0,0,0,0
1270,Good Bye 2019,80,2827,2801,-26,0,0,0,0,1
1284,Hello 2020,84,2801,2783,-18,0,0,0,0,1
1286,Codeforces Round 612 (Div. 1),7,2783,2911,128,1,0,0,0,0
1292,Codeforces Round 614 (Div. 1),5,2911,3017,106,1,0,0,0,0
1290,Codeforces Round 616 (Div. 1),9,3017,3066,49,1,0,0,0,0
1299,Codeforces Round 618 (Div. 1),16,3066,3073,7,1,0,0,0,0
1307,Codeforces Round 621 (Div. 1 + Div. 2),234,3073,2907,-166,1,1,0,0,0
1314,"Codeforces Round 623 (Div. 1, based on VK Cup 2019-2020 - Elimination Round, Engine)",20,2907,2901,-6,1,0,0,0,0
1320,"Codeforces Round 625 (Div. 1, based on Technocup 2020 Final Round)",26,2901,2920,19,1,0,0,0,0
1305,"Ozon Tech Challenge 2020 (Div.1 + Div.2, Rated, T-shirts + prizes!)",180,2920,2823,-97,0,0,0,0,1
1322,"Codeforces Round 626 (Div. 1, based on Moscow Open Olympiad in Informatics)",8,2823,2921,98,1,0,0,0,0
1326,Codeforces Global Round 7,4,2921,3078,157,0,0,0,0,1
1329,"Codeforces Round 631 (Div. 1) - Thanks, Denis aramis Shitov!",10,3078,3129,51,1,0,0,0,0
1338,Codeforces Round 633 (Div. 1),9,3129,3160,31,1,0,0,0,0
1336,Codeforces Round 635 (Div. 1),22,3160,3139,-21,1,0,0,0,0
1349,Codeforces Round 641 (Div. 1),352,3139,2946,-193,1,0,0,0,0
1361,"Codeforces Round 647 (Div. 1) - Thanks, Algo Muse!",58,2946,2906,-40,1,0,0,0,0
1368,Codeforces Global Round 8,138,2906,2839,-67,0,0,0,0,1
1375,Codeforces Global Round 9,31,2839,2889,50,0,0,0,0,1
1381,Codeforces Round 658 (Div. 1),34,2889,2896,7,1,0,0,0,0
1383,Codeforces Round 659 (Div. 1),5,2896,3027,131,1,0,0,0,0
1394,Codeforces Round 664 (Div. 1),13,3027,3067,40,1,0,0,0,0
1396,Codeforces Round 666 (Div. 1),24,3067,3065,-2,1,0,0,0,0
1404,Codeforces Round 668 (Div. 1),14,3065,3091,26,1,0,0,0,0
1416,Codeforces Round 673 (Div. 1),20,3091,3075,-16,1,0,0,0,0
1408,Grakn Forces 2020,11,3075,3126,51,0,0,0,0,1
1427,Codeforces Global Round 11,15,3126,3158,32,0,0,0,0,1
1434,"Codeforces Round 679 (Div. 1, based on Technocup 2021 Elimination Round 1)",73,3158,3051,-107,1,0,0,0,0
1444,"Codeforces Round 680 (Div. 1, based on Moscow Team Olympiad)",5,3051,3132,81,1,0,0,0,0
1442,"Codeforces Round 681 (Div. 1, based on VK Cup 2019-2020 - Final)",9,3132,3151,19,1,0,0,0,0
1446,"Codeforces Round 683 (Div. 1, by Meet IT)",33,3151,3102,-49,1,0,0,0,0
1439,Codeforces Round 684 (Div. 1),5,3102,3186,84,1,0,0,0,0
1456,"Codeforces Round 687 (Div. 1, based on Technocup 2021 Elimination Round 2)",10,3186,3184,-2,1,0,0,0,0
1450,Codeforces Global Round 12,3,3184,3307,123,0,0,0,0,1
1458,Codeforces Round 691 (Div. 1),7,3307,3316,9,1,0,0,0,0
1464,"Codeforces Round 692 (Div. 1, based on Technocup 2021 Elimination Round 3)",2,3316,3444,128,1,0,0,0,0
1466,Good Bye 2020,78,3444,3290,-154,0,0,0,0,1
1470,Codeforces Round 694 (Div. 1),3,3290,3375,85,1,0,0,0,0
1477,Codeforces Round 698 (Div. 1),16,3375,3328,-47,1,0,0,0,0
1479,Codeforces Round 700 (Div. 1),11,3328,3324,-4,1,0,0,0,0
1491,Codeforces Global Round 13,4,3324,3391,67,0,0,0,0,1
1495,Codeforces Round 706 (Div. 1),89,3391,3229,-162,1,0,0,0,0
1500,"Codeforces Round 707 (Div. 1, based on Moscow Open Olympiad in Informatics)",2,3229,3355,126,1,0,0,0,0
1483,"Codeforces Round 709 (Div. 1, based on Technocup 2021 Final Round)",11,3355,3327,-28,1,0,0,0,0
1503,Codeforces Round 712 (Div. 1),10,3327,3330,3,1,0,0,0,0
1508,Codeforces Round 715 (Div. 1),17,3330,3283,-47,1,0,0,0,0
1517,Contest 2050 and Codeforces Round 718 (Div. 1 + Div. 2),7,3283,3332,49,1,1,0,0,0
1515,Codeforces Global Round 14,8,3332,3349,17,0,0,0,0,1
1528,Codeforces Round 722 (Div. 1),4,3349,3420,71,1,0,0,0,0
1523,"Deltix Round, Spring 2021 (open for everyone, rated, Div. 1 + Div. 2)",6,3420,3457,37,1,1,0,0,0
1534,Codeforces LATOKEN Round 1 (Div. 1 + Div. 2),12,3457,3432,-25,1,1,0,0,0
1540,Codeforces Round 728 (Div. 1),76,3432,3240,-192,1,0,0,0,0
1545,Codeforces Round 732 (Div. 1),7,3240,3295,55,1,0,0,0,0
1530,"Codeforces Round 733 (Div. 1 + Div. 2, based on VK Cup 2021 - Elimination (Engine))",1,3295,3468,173,1,1,0,0,0
1553,"Harbour.Space Scholarship Contest 2021-2022 (open for everyone, rated, Div. 1 + Div. 2)",10,3468,3433,-35,1,1,0,0,0
1552,Codeforces Global Round 15,63,3433,3298,-135,0,0,0,0,1
1548,Codeforces Round 736 (Div. 1),29,3298,3246,-52,1,0,0,0,0
1558,"Codeforces Round 740 (Div. 1, based on VK Cup 2021 - Final (Engine))",8,3246,3275,29,1,0,0,0,0
1556,"Deltix Round, Summer 2021 (open for everyone, rated, Div. 1 + Div. 2)",2,3275,3432,157,1,1,0,0,0
1566,Codeforces Global Round 16,4,3432,3492,60,0,0,0,0,1
1580,Codeforces Round 745 (Div. 1),276,3492,3204,-288,1,0,0,0,0
1586,"Codeforces Round 749 (Div. 1 + Div. 2, based on Technocup 2022 Elimination Round 1)",3,3204,3288,84,1,1,0,0,0
1603,Codeforces Round 752 (Div. 1),9,3288,3326,38,1,0,0,0,0
1588,"Codeforces Round 755 (Div. 1, based on Technocup 2022 Elimination Round 2)",4,3326,3354,28,1,0,0,0,0
1610,Codeforces Global Round 17,28,3354,3287,-67,0,0,0,0,1
1609,"Deltix Round, Autumn 2021 (open for everyone, rated, Div. 1 + Div. 2)",7,3287,3334,47,1,1,0,0,0
1615,Codeforces Global Round 18,98,3334,3189,-145,0,0,0,0,1
1616,Good Bye 2021: 2022 is NEAR,28,3189,3179,-10,0,0,0,0,1
1621,Hello 2022,53,3179,3125,-54,0,0,0,0,1
1628,Codeforces Round 767 (Div. 1),8,3125,3207,82,1,0,0,0,0
1630,Codeforces Round 768 (Div. 1),12,3207,3231,24,1,0,0,0,0
1637,Codeforces Global Round 19,7,3231,3299,68,0,0,0,0,1
1641,Codeforces Round 773 (Div. 1),6,3299,3356,57,1,0,0,0,0
1648,"Codeforces Round 775 (Div. 1, based on Moscow Open Olympiad in Informatics)",1,3356,3509,153,1,0,0,0,0
1654,"Codeforces Round 778 (Div. 1 + Div. 2, based on Technocup 2022 Final Round)",82,3509,3323,-186,1,1,0,0,0
1656,"CodeTON Round 1 (Div. 1 + Div. 2, Rated, Prizes!)",1,3323,3504,181,1,1,0,0,0
1667,Codeforces Round 783 (Div. 1),9,3504,3480,-24,1,0,0,0,0
1672,Codeforces Global Round 20,11,3480,3461,-19,0,0,0,0,1
1677,Codeforces Round 789 (Div. 1),12,3461,3415,-46,1,0,0,0,0
1684,Codeforces Round 792 (Div. 1 + Div. 2),11,3415,3401,-14,1,1,0,0,0
1685,Codeforces Round 794 (Div. 1),2,3401,3509,108,1,0,0,0,0
1687,Codeforces Round 796 (Div. 1),3,3509,3568,59,1,0,0,0,0
1693,Codeforces Round 800 (Div. 1),4,3568,3587,19,1,0,0,0,0
1696,Codeforces Global Round 21,2,3587,3653,66,0,0,0,0,1
1707,Codeforces Round 808 (Div. 1),4,3653,3643,-10,1,0,0,0,0
1704,"CodeTON Round 2 (Div. 1 + Div. 2, Rated, Prizes!)",2,3643,3688,45,1,1,0,0,0
1718,Codeforces Round 814 (Div. 1),6,3688,3634,-54,1,0,0,0,0
1738,Codeforces Global Round 22,7,3634,3590,-44,0,0,0,0,1
1746,Codeforces Global Round 23,6,3590,3581,-9,0,0,0,0,1
1753,Codeforces Round 829 (Div. 1),1,3581,3670,89,1,0,0,0,0
1740,Codeforces Round 831 (Div. 1 + Div. 2),1,3670,3754,84,1,1,0,0,0
1750,"CodeTON Round 3 (Div. 1 + Div. 2, Rated, Prizes!)",9,3754,3633,-121,1,1,0,0,0
1761,Pinely Round 1 (Div. 1 + Div. 2),6,3633,3591,-42,1,1,0,0,0
1764,Codeforces Global Round 24,2,3591,3628,37,0,0,0,0,1
1770,Good Bye 2022: 2023 is NEAR,10,3628,3585,-43,0,0,0,0,1
1779,Hello 2023,6,3585,3583,-2,0,0,0,0,1
1782,"Codeforces Round 844 (Div. 1 + Div. 2, based on VK Cup 2022 - Elimination Round)",8,3583,3523,-60,1,1,0,0,0
1787,"TypeDB Forces 2023 (Div. 1 + Div. 2, Rated, Prizes!)",17,3523,3465,-58,1,1,0,0,0
1785,"Codeforces Round 850 (Div. 1, based on VK Cup 2022 - Final Round)",6,3465,3474,9,1,0,0,0,0
1799,Codeforces Round 854 by cybercats (Div. 1 + Div. 2),1,3474,3600,126,1,1,0,0,0
1801,Codeforces Round 857 (Div. 1),2,3600,3669,69,1,0,0,0,0
1804,Nebius Welcome Round (Div. 1 + Div. 2),1,3669,3772,103,1,1,0,0,0
1810,"CodeTON Round 4 (Div. 1 + Div. 2, Rated, Prizes!)",1,3772,3859,87,1,1,0,0,0
1815,Codeforces Round 865 (Div. 1),2,3859,3841,-18,1,0,0,0,0
1817,Codeforces Round 869 (Div. 1),47,3841,3614,-227,1,0,0,0,0
1824,Codeforces Round 872 (Div. 1),1,3614,3710,96,1,0,0,0,0
1827,Codeforces Round 873 (Div. 1),2,3710,3741,31,1,0,0,0,0
1830,Codeforces Round 875 (Div. 1),6,3741,3666,-75,1,0,0,0,0
1835,Codeforces Round 880 (Div. 1),30,3666,3513,-153,1,0,0,0,0
1842,"CodeTON Round 5 (Div. 1 + Div. 2, Rated, Prizes!)",7,3513,3498,-15,1,1,0,0,0
1844,Codeforces Round 884 (Div. 1 + Div. 2),7,3498,3485,-13,1,1,0,0,0
1852,Codeforces Round 887 (Div. 1),1,3485,3625,140,1,0,0,0,0
1854,Codeforces Round 889 (Div. 1),22,3625,3514,-111,1,0,0,0,0
1864,Harbour.Space Scholarship Contest 2023-2024 (Div. 1 + Div. 2),6,3514,3503,-11,1,1,0,0,0
1863,Pinely Round 2 (Div. 1 + Div. 2),4,3503,3536,33,1,1,0,0,0
1868,Codeforces Round 896 (Div. 1),2,3536,3583,47,1,0,0,0,0
1870,"CodeTON Round 6 (Div. 1 + Div. 2, Rated, Prizes!)",3,3583,3632,49,1,1,0,0,0
1876,"Codeforces Round 902 (Div. 1, based on COMPFEST 15 - Final Round)",4,3632,3626,-6,1,0,0,0,0
1887,Codeforces Round 905 (Div. 1),1,3626,3720,94,1,0,0,0,0
1893,Codeforces Round 908 (Div. 1),7,3720,3662,-58,1,0,0,0,0
1909,Pinely Round 3 (Div. 1 + Div. 2),3,3662,3682,20,1,1,0,0,0
1916,Good Bye 2023,6,3682,3639,-43,0,0,0,0,1
1924,Codeforces Round 921 (Div. 1),1,3639,3744,105,1,0,0,0,0
1930,think-cell Round 1,6,3744,3677,-67,0,0,0,0,1
1936,Codeforces Round 930 (Div. 1),7,3677,3598,-79,1,0,0,0,0
1943,Codeforces Round 934 (Div. 1),2,3598,3640,42,1,0,0,0,0
1942,"CodeTON Round 8 (Div. 1 + Div. 2, Rated, Prizes!)",8,3640,3597,-43,1,1,0,0,0
1951,Codeforces Global Round 25,34,3597,3468,-129,0,0,0,0,1
1965,Codeforces Round 941 (Div. 1),1,3468,3578,110,1,0,0,0,0
1967,Codeforces Round 942 (Div. 1),2,3578,3647,69,1,0,0,0,0
1984,Codeforces Global Round 26,2,3647,3707,60,0,0,0,0,1
1994,Codeforces Round 959 sponsored by NEAR (Div. 1 + Div. 2),5,3707,3669,-38,1,1,0,0,0
1991,Pinely Round 4 (Div. 1 + Div. 2),7,3669,3627,-42,1,1,0,0,0
2002,EPIC Institute of Technology Round August 2024 (Div. 1 + Div. 2),1,3627,3734,107,1,1,0,0,0
2006,Codeforces Round 969 (Div. 1),2,3734,3773,39,1,0,0,0,0
2018,Codeforces Round 975 (Div. 1),1,3773,3839,66,1,0,0,0,0
2023,Codeforces Round 980 (Div. 1),1,3839,3904,65,1,0,0,0,0
2035,Codeforces Global Round 27,3,3904,3831,-73,0,0,0,0,1
2029,Refact.ai Match 1 (Codeforces Round 985),2,3831,3823,-8,0,0,0,0,1
2039,"CodeTON Round 9 (Div. 1 + Div. 2, Rated, Prizes!)",8,3823,3743,-80,1,1,0,0,0
2034,"Rayan Programming Contest 2024 - Selection (Codeforces Round 989, Div. 1 + Div. 2)",21,3743,3618,-125,1,1,0,0,0
2046,Codeforces Round 990 (Div. 1),1,3618,3741,123,1,0,0,0,0
2048,Codeforces Global Round 28,1,3741,3814,73,0,0,0,0,1
2053,Good Bye 2024: 2025 is NEAR,1,3814,3884,70,0,0,0,0,1
2057,Hello 2025,1,3884,3976,92,0,0,0,0,1
2061,"IAEPC Preliminary Contest (Codeforces Round 999, Div. 1 + Div. 2)",1,3976,4039,63,1,1,0,0,0
2062,"Ethflow Round 1 (Codeforces Round 1001, Div. 1 + Div. 2)",8,4039,3898,-141,1,1,0,0,0
2066,Codeforces Round 1004 (Div. 1),13,3898,3747,-151,1,0,0,0,0
2077,Codeforces Round 1008 (Div. 1),1,3747,3845,98,1,0,0,0,0
2089,Codeforces Round 1012 (Div. 1),3,3845,3797,-48,1,0,0,0,0
2084,"Teza Round 1 (Codeforces Round 1015, Div. 1 + Div. 2)",10,3797,3710,-87,1,1,0,0,0
2097,Codeforces Round 1021 (Div. 1),3,3710,3700,-10,1,0,0,0,0
2115,Codeforces Round 1028 (Div. 1),2,3700,3756,56,1,0,0,0,0
2129,Codeforces Round 1040 (Div. 1),2,3756,3787,31,1,0,0,0,0
2127,"Atto Round 1 (Codeforces Round 1041, Div. 1 + Div. 2)",2,3787,3822,35,1,1,0,0,0
2135,Codeforces Round 1046 (Div. 1),1,3822,3914,92,1,0,0,0,0
2147,Codeforces Global Round 29 (Div. 1 + Div. 2),2,3914,3917,3,1,1,0,0,0
2150,Codeforces Round 1053 (Div. 1),9,3917,3793,-124,1,0,0,0,0
2152,"Squarepoint Challenge (Codeforces Round 1055, Div. 1 + Div. 2)",5,3793,3757,-36,1,1,0,0,0
2161,Pinely Round 5 (Div. 1 + Div. 2),5,3757,3705,-52,1,1,0,0,0
558,Codeforces Round 312 (Div. 2),2087,0,1404,1404,0,1,0,0,0
560,Codeforces Round 313 (Div. 2),1583,1404,1353,-51,0,1,0,0,0
569,Codeforces Round 315 (Div. 2),2003,1353,1279,-74,0,1,0,0,0
570,Codeforces Round 316 (Div. 2),384,1279,1503,224,0,1,0,0,0
572,Codeforces Round 317 [AimFund Thanks-Round] (Div. 2),1553,1503,1433,-70,0,1,0,0,0
596,Codeforces Round 331 (Div. 2),607,1433,1500,67,0,1,0,0,0
611,Good Bye 2015,2402,1500,1494,-6,0,0,0,0,1
617,Codeforces Round 340 (Div. 2),444,1494,1574,80,0,1,0,0,0
621,Codeforces Round 341 (Div. 2),238,1574,1680,106,0,1,0,0,0
658,VK Cup 2016 - Round 1 (Div. 2 Edition),145,1680,1741,61,0,1,0,0,0
659,Codeforces Round 346 (Div. 2),106,1741,1833,92,0,1,0,0,0
682,Codeforces Round 358 (Div. 2),224,1833,1855,22,0,1,0,0,0
686,Codeforces Round 359 (Div. 2),54,1855,1942,87,0,1,0,0,0
687,Codeforces Round 360 (Div. 1),211,1942,1997,55,1,0,0,0,0
704,Codeforces Round 366 (Div. 1),413,1997,1951,-46,1,0,0,0,0
708,AIM Tech Round 3 (Div. 1),435,1951,1922,-29,1,0,0,0,0
722,"Intel Code Challenge Elimination Round (Div. 1 + Div. 2, combined)",182,1922,2030,108,1,1,0,0,0
724,"Intel Code Challenge Final Round (Div. 1 + Div. 2, Combined)",475,2030,2020,-10,1,1,0,0,0
725,Canada Cup 2016,260,2020,2067,47,0,0,0,0,1
736,Codeforces Round 382 (Div. 1),151,2067,2117,50,1,0,0,0,0
750,Good Bye 2016,226,2117,2180,63,0,0,0,0,1
755,8VC Venture Cup 2017 - Elimination Round,140,2180,2251,71,0,0,0,0,1
790,"Codeforces Round 405 (rated, Div. 1, based on VK Cup 2017 Round 1)",112,2251,2264,13,1,0,0,0,0
800,"Codeforces Round 409 (rated, Div. 1, based on VK Cup 2017 Round 2)",17,2264,2419,155,1,0,0,0,0
806,"Codeforces Round 412 (rated, Div. 1, based on VK Cup 2017 Round 3)",65,2419,2445,26,1,0,0,0,0
809,Codeforces Round 415 (Div. 1),61,2445,2460,15,1,0,0,0,0
827,"Codeforces Round 423 (Div. 1, rated, based on VK Cup Finals)",155,2460,2399,-61,1,0,0,0,0
830,"Codeforces Round 424 (Div. 1, rated, based on VK Cup Finals)",51,2399,2448,49,1,0,0,0,0
833,Codeforces Round 426 (Div. 1),46,2448,2492,44,1,0,0,0,0
840,Codeforces Round 429 (Div. 1),44,2492,2530,38,1,0,0,0,0
843,AIM Tech Round 4 (Div. 1),15,2530,2649,119,1,0,0,0,0
848,Codeforces Round 431 (Div. 1),101,2649,2589,-60,1,0,0,0,0
850,"Codeforces Round 432 (Div. 1, based on IndiaHacks Final Round 2017)",162,2589,2484,-105,1,0,0,0,0
853,"Codeforces Round 433 (Div. 1, based on Olympiad of Metropolises)",42,2484,2519,35,1,0,0,0,0
859,MemSQL Start[c]UP 3.0 - Round 1,16,2519,2635,116,0,0,0,0,1
855,"Manthan, Codefest 17",264,2635,2508,-127,0,0,0,0,1
866,MemSQL Start[c]UP 3.0 - Round 2 and Codeforces Round 437 (Div. 1),9,2508,2656,148,1,0,0,0,0
906,"Codeforces Round 454 (Div. 1, based on Technocup 2018 Elimination Round 4)",15,2656,2722,66,1,0,0,0,0
908,Good Bye 2017,89,2722,2683,-39,0,0,0,0,1
914,"Codecraft-18 and Codeforces Round 458 (Div. 1 + Div. 2, combined)",82,2683,2643,-40,1,1,0,0,0
936,Codeforces Round 467 (Div. 1),24,2643,2680,37,1,0,0,0,0
930,"Codeforces Round 468 (Div. 1, based on Technocup 2018 Final Round)",4,2680,2825,145,1,0,0,0,0
947,"Codeforces Round 470 (rated, Div. 1, based on VK Cup 2018 Round 1)",61,2825,2759,-66,1,0,0,0,0
956,"Codeforces Round 472 (rated, Div. 1, based on VK Cup 2018 Round 2)",44,2759,2712,-47,1,0,0,0,0
960,"Divide by Zero 2018 and Codeforces Round 474 (Div. 1 + Div. 2, combined)",2,2712,2893,181,1,1,0,0,0
963,Tinkoff Internship Warmup Round 2018 and Codeforces Round 475 (Div. 1),18,2893,2875,-18,1,0,0,0,0
966,"Codeforces Round 477 (rated, Div. 1, based on VK Cup 2018 Round 3)",65,2875,2779,-96,1,0,0,0,0
997,Codeforces Round 493 (Div. 1),26,2779,2789,10,1,0,0,0,0
1007,Codeforces Round 497 (Div. 1),11,2789,2846,57,1,0,0,0,0
1010,Codeforces Round 499 (Div. 1),3,2846,2974,128,1,0,0,0,0
1019,"Codeforces Round 503 (by SIS, Div. 1)",15,2974,2962,-12,1,0,0,0,0
1023,"Codeforces Round 504 (rated, Div. 1 + Div. 2, based on VK Cup 2018 Final)",3,2962,3056,94,1,1,0,0,0
1025,"Codeforces Round 505 (rated, Div. 1 + Div. 2, based on VK Cup 2018 Final)",4,3056,3105,49,1,1,0,0,0
1028,"AIM Tech Round 5 (rated, Div. 1 + Div. 2)",6,3105,3130,25,1,1,0,0,0
1033,Lyft Level 5 Challenge 2018 - Elimination Round,15,3130,3098,-32,0,0,0,0,1
1043,Codeforces Round 519 by Botan Investments,5,3098,3161,63,0,0,0,0,1
1074,Lyft Level 5 Challenge 2018 - Final Round (Open Div. 1),3,3161,3187,26,1,0,0,0,0
1056,Mail.Ru Cup 2018 Round 3,12,3187,3154,-33,0,0,0,0,1
1081,Avito Cool Challenge 2018,20,3154,3096,-58,0,0,0,0,1
1086,"Codeforces Round 528 (Div. 1, based on Technocup 2019 Elimination Round 4)",70,3096,2955,-141,1,0,0,0,0
1091,Good Bye 2018,18,2955,2992,37,0,0,0,0,1
1098,Codeforces Round 530 (Div. 1),7,2992,3065,73,1,0,0,0,0
1142,Codeforces Round 549 (Div. 1),3,3065,3142,77,1,0,0,0,0
1146,Forethought Future Cup - Elimination Round,2,3142,3262,120,0,0,0,0,1
1161,Codeforces Round 557 (Div. 1) [based on Forethought Future Cup - Final Round],1,3262,3396,134,1,0,0,0,0
1158,Codeforces Round 559 (Div. 1),7,3396,3339,-57,1,0,0,0,0
1179,Codeforces Round 569 (Div. 1),7,3339,3294,-45,1,0,0,0,0
1188,Codeforces Round 572 (Div. 1),8,3294,3258,-36,1,0,0,0,0
1190,Codeforces Round 573 (Div. 1),2,3258,3315,57,1,0,0,0,0
1178,Codeforces Global Round 4,5,3315,3311,-4,0,0,0,0,1
1198,Codeforces Round 576 (Div. 1),4,3311,3320,9,1,0,0,0,0
1205,Codeforces Round 580 (Div. 1),4,3320,3316,-4,1,0,0,0,0
1229,Codeforces Round 588 (Div. 1),8,3316,3286,-30,1,0,0,0,0
1246,"Codeforces Round 596 (Div. 1, based on Technocup 2020 Elimination Round 2)",1,3286,3429,143,1,0,0,0,0
1242,Codeforces Round 599 (Div. 1),1,3429,3539,110,1,0,0,0,0
1254,Codeforces Round 601 (Div. 1),27,3539,3368,-171,1,0,0,0,0
1270,Good Bye 2019,54,3368,3230,-138,0,0,0,0,1
1284,Hello 2020,3,3230,3308,78,0,0,0,0,1
1286,Codeforces Round 612 (Div. 1),8,3308,3290,-18,1,0,0,0,0
1292,Codeforces Round 614 (Div. 1),3,3290,3330,40,1,0,0,0,0
1290,Codeforces Round 616 (Div. 1),13,3330,3274,-56,1,0,0,0,0
1299,Codeforces Round 618 (Div. 1),5,3274,3299,25,1,0,0,0,0
1307,Codeforces Round 621 (Div. 1 + Div. 2),218,3299,3081,-218,1,1,0,0,0
1320,"Codeforces Round 625 (Div. 1, based on Technocup 2020 Final Round)",6,3081,3143,62,1,0,0,0,0
1305,"Ozon Tech Challenge 2020 (Div.1 + Div.2, Rated, T-shirts + prizes!)",6,3143,3205,62,0,0,0,0,1
1326,Codeforces Global Round 7,10,3205,3230,25,0,0,0,0,1
1338,Codeforces Round 633 (Div. 1),13,3230,3213,-17,1,0,0,0,0
1336,Codeforces Round 635 (Div. 1),11,3213,3220,7,1,0,0,0,0
1349,Codeforces Round 641 (Div. 1),6,3220,3260,40,1,0,0,0,0
1361,"Codeforces Round 647 (Div. 1) - Thanks, Algo Muse!",6,3260,3283,23,1,0,0,0,0
1368,Codeforces Global Round 8,25,3283,3226,-57,0,0,0,0,1
1375,Codeforces Global Round 9,87,3226,3117,-109,0,0,0,0,1
1381,Codeforces Round 658 (Div. 1),1,3117,3284,167,1,0,0,0,0
1383,Codeforces Round 659 (Div. 1),2,3284,3376,92,1,0,0,0,0
1394,Codeforces Round 664 (Div. 1),1,3376,3508,132,1,0,0,0,0
1392,Codeforces Global Round 10,13,3508,3428,-80,0,0,0,0,1
1396,Codeforces Round 666 (Div. 1),11,3428,3386,-42,1,0,0,0,0
1404,Codeforces Round 668 (Div. 1),17,3386,3317,-69,1,0,0,0,0
1416,Codeforces Round 673 (Div. 1),8,3317,3301,-16,1,0,0,0,0
1408,Grakn Forces 2020,2,3301,3406,105,0,0,0,0,1
1427,Codeforces Global Round 11,1,3406,3549,143,0,0,0,0,1
1428,Codeforces Raif Round 1 (Div. 1 + Div. 2),11,3549,3473,-76,1,1,0,0,0
1434,"Codeforces Round 679 (Div. 1, based on Technocup 2021 Elimination Round 1)",58,3473,3299,-174,1,0,0,0,0
1444,"Codeforces Round 680 (Div. 1, based on Moscow Team Olympiad)",2,3299,3373,74,1,0,0,0,0
1442,"Codeforces Round 681 (Div. 1, based on VK Cup 2019-2020 - Final)",1,3373,3478,105,1,0,0,0,0
1446,"Codeforces Round 683 (Div. 1, by Meet IT)",3,3478,3503,25,1,0,0,0,0
1450,Codeforces Global Round 12,1,3503,3633,130,0,0,0,0,1
1464,"Codeforces Round 692 (Div. 1, based on Technocup 2021 Elimination Round 3)",8,3633,3561,-72,1,0,0,0,0
1466,Good Bye 2020,3,3561,3592,31,0,0,0,0,1
1477,Codeforces Round 698 (Div. 1),7,3592,3550,-42,1,0,0,0,0
1479,Codeforces Round 700 (Div. 1),5,3550,3540,-10,1,0,0,0,0
1483,"Codeforces Round 709 (Div. 1, based on Technocup 2021 Final Round)",3,3540,3552,12,1,0,0,0,0
1503,Codeforces Round 712 (Div. 1),3,3552,3583,31,1,0,0,0,0
1508,Codeforces Round 715 (Div. 1),6,3583,3549,-34,1,0,0,0,0
1517,Contest 2050 and Codeforces Round 718 (Div. 1 + Div. 2),1,3549,3675,126,1,1,0,0,0
1515,Codeforces Global Round 14,4,3675,3650,-25,0,0,0,0,1
1528,Codeforces Round 722 (Div. 1),2,3650,3691,41,1,0,0,0,0
1534,Codeforces LATOKEN Round 1 (Div. 1 + Div. 2),1,3691,3797,106,1,1,0,0,0
1545,Codeforces Round 732 (Div. 1),8,3797,3695,-102,1,0,0,0,0
1530,"Codeforces Round 733 (Div. 1 + Div. 2, based on VK Cup 2021 - Elimination (Engine))",5,3695,3642,-53,1,1,0,0,0
1553,"Harbour.Space Scholarship Contest 2021-2022 (open for everyone, rated, Div. 1 + Div. 2)",1,3642,3746,104,1,1,0,0,0
1552,Codeforces Global Round 15,3,3746,3745,-1,0,0,0,0,1
1556,"Deltix Round, Summer 2021 (open for everyone, rated, Div. 1 + Div. 2)",3,3745,3747,2,1,1,0,0,0
1566,Codeforces Global Round 16,8,3747,3672,-75,0,0,0,0,1
1603,Codeforces Round 752 (Div. 1),8,3672,3618,-54,1,0,0,0,0
1615,Codeforces Global Round 18,15,3618,3532,-86,0,0,0,0,1
1616,Good Bye 2021: 2022 is NEAR,5,3532,3548,16,0,0,0,0,1
1621,Hello 2022,4,3548,3583,35,0,0,0,0,1
1628,Codeforces Round 767 (Div. 1),3,3583,3623,40,1,0,0,0,0
1630,Codeforces Round 768 (Div. 1),16,3623,3513,-110,1,0,0,0,0
1746,Codeforces Global Round 23,19,3513,3441,-72,0,0,0,0,1
1750,"CodeTON Round 3 (Div. 1 + Div. 2, Rated, Prizes!)",1,3441,3605,164,1,1,0,0,0
1761,Pinely Round 1 (Div. 1 + Div. 2),5,3605,3584,-21,1,1,0,0,0
1770,Good Bye 2022: 2023 is NEAR,1,3584,3715,131,0,0,0,0,1
1779,Hello 2023,1,3715,3813,98,0,0,0,0,1
1787,"TypeDB Forces 2023 (Div. 1 + Div. 2, Rated, Prizes!)",4,3813,3783,-30,1,1,0,0,0
1864,Harbour.Space Scholarship Contest 2023-2024 (Div. 1 + Div. 2),4,3783,3727,-56,1,1,0,0,0
1874,Codeforces Round 901 (Div. 1),3,3727,3724,-3,1,0,0,0,0
1889,Codeforces Round 906 (Div. 1),1,3724,3833,109,1,0,0,0,0
1896,"CodeTON Round 7 (Div. 1 + Div. 2, Rated, Prizes!)",27,3833,3644,-189,1,1,0,0,0
1909,Pinely Round 3 (Div. 1 + Div. 2),37,3644,3487,-157,1,1,0,0,0
1916,Good Bye 2023,2,3487,3569,82,0,0,0,0,1
1919,Hello 2024,12,3569,3518,-51,0,0,0,0,1
1924,Codeforces Round 921 (Div. 1),3,3518,3572,54,1,0,0,0,0
1930,think-cell Round 1,3,3572,3601,29,0,0,0,0,1
1943,Codeforces Round 934 (Div. 1),4,3601,3593,-8,1,0,0,0,0
1951,Codeforces Global Round 25,6,3593,3581,-12,0,0,0,0,1
1984,Codeforces Global Round 26,3,3581,3630,49,0,0,0,0,1
1987,EPIC Institute of Technology Round Summer 2024 (Div. 1 + Div. 2),4,3630,3627,-3,1,1,0,0,0
1991,Pinely Round 4 (Div. 1 + Div. 2),8,3627,3586,-41,1,1,0,0,0
2002,EPIC Institute of Technology Round August 2024 (Div. 1 + Div. 2),3,3586,3620,34,1,1,0,0,0
2029,Refact.ai Match 1 (Codeforces Round 985),1,3620,3738,118,0,0,0,0,1
2039,"CodeTON Round 9 (Div. 1 + Div. 2, Rated, Prizes!)",37,3738,3564,-174,1,1,0,0,0
2034,"Rayan Programming Contest 2024 - Selection (Codeforces Round 989, Div. 1 + Div. 2)",12,3564,3529,-35,1,1,0,0,0
2053,Good Bye 2024: 2025 is NEAR,3,3529,3579,50,0,0,0,0,1
2057,Hello 2025,24,3579,3482,-97,0,0,0,0,1
2061,"IAEPC Preliminary Contest (Codeforces Round 999, Div. 1 + Div. 2)",4,3482,3535,53,1,1,0,0,0
2062,"Ethflow Round 1 (Codeforces Round 1001, Div. 1 + Div. 2)",20,3535,3468,-67,1,1,0,0,0
2084,"Teza Round 1 (Codeforces Round 1015, Div. 1 + Div. 2)",4,3468,3539,71,1,1,0,0,0
2096,"Neowise Labs Contest 1 (Codeforces Round 1018, Div. 1 + Div. 2)",7,3539,3547,8,1,1,0,0,0
2101,Codeforces Round 1024 (Div. 1),7,3547,3527,-20,1,0,0,0,0
2122,"Order Capital Round 1 (Codeforces Round 1038, Div. 1 + Div. 2)",3,3527,3588,61,1,1,0,0,0
2147,Codeforces Global Round 29 (Div. 1 + Div. 2),4,3588,3625,37,1,1,0,0,0
2159,Codeforces Round 1058 (Div. 1),1,3625,3747,122,1,0,0,0,0
2165,Codeforces Round 1064 (Div. 1),3,3747,3738,-9,1,0,0,0,0
